"Batch_Setting_ID","Client_ID","Active_Time","Max_Capacity","Create_Time","Hot_Folder_Path","Workflow_Name_SOC","Workflow_Name_BDD","Default_Provider","SOC_Printer_ID","BDD_Printer_ID","Product_ID","max_page_count"
"6","58","480","6","2020-06-26 13:04:16","//PROCESS-MANAGER/BigDot_Hot_Folder/","NULL","HC_8.5x8.5_PB_PP","SOC","1","1","22","1100"
"7","58","480","6","2020-06-26 13:04:26","//PROCESS-MANAGER/BigDot_Hot_Folder/","Not used","HC_023","SOC","1","1","23","1200"
"9","58","480","6","2020-06-26 13:04:37","//PROCESS-MANAGER/BigDot_Hot_Folder/","Not used","HC_11x8.5_PB_PP","SOC","0","0","24","1200"
"11","52","480","7","2017-10-17 16:57:34","//PROCESS-MANAGER/BigDot_Hot_Folder/","Not Used","Not Used","BDD","1","1","35","2400"
"12","52","480","6","2020-06-26 13:04:55","//PROCESS-MANAGER/BigDot_Hot_Folder/","Not Used","Not Used","SOC","1","1","34","1200"
"49","58","480","5","2018-07-27 13:41:03","//PROCESS-MANAGER/BigDot_Hot_Folder/","HC_059_CVR_SOC","HC_059_CVR_BDD","BDD","1","1","59","600"
"57","4","60","8","2016-02-24 10:31:35","//Server03/Server03_2TB/Xerox1000/Xerox Hot Folder/","Not used","Not used","BDD","1","1","67","2400"
"58","58","1000","8","2019-09-12 18:25:32","//PROCESS-MANAGER/BigDot_Hot_Folder/","HC_068","HC_068","SOC","1","1","68","400"
"59","58","1000","4","2019-09-12 18:17:44","//PROCESS-MANAGER/BigDot_Hot_Folder/","HC_069","HC_069","SOC","1","1","69","215"
"60","58","480","5","2019-03-06 18:18:26","//PROCESS-MANAGER/BigDot_Hot_Folder/","HC_070","HC_070","SOC","1","1","70","400"
"61","58","480","7","2019-07-24 15:37:55","//PROCESS-MANAGER/BigDot_Hot_Folder/'","HC_071","HC_071","SOC","1","1","71","400"
"62","58","60","8","2016-03-17 12:43:25","//Server03/Server03_2TB/Xerox1000/Xerox Hot Folder/","Not used","Not used","SOC","1","1","72","1200"
"63","64","60","8","2016-03-17 17:13:28","//Server03/Server03_2TB/Xerox1000/Xerox Hot Folder/","Not used","Not used","BDD","1","1","72","1200"
"68","64","60","8","2016-04-02 23:14:28","//Server03/Server03_2TB/Xerox1000/Xerox Hot Folder/","Not used","Not used","BDD","1","1","73","1200"
"69","64","60","8","2016-04-03 00:00:24","//Server03/Server03_2TB/Xerox1000/Xerox Hot Folder/","Not used","Not used","BDD","1","1","74","1200"
"71","64","60","8","2016-04-03 03:11:35","//Server03/Server03_2TB/Xerox1000/Xerox Hot Folder/","Not used","Not used","BDD","1","1","76","2400"
"73","64","60","8","2016-04-04 10:29:13","//Server03/Server03_2TB/Xerox1000/Xerox Hot Folder/","Not used","Not used","BDD","1","1","78","1200"
"74","64","60","8","2016-04-04 13:27:10","//Server03/Server03_2TB/Xerox1000/Xerox Hot Folder/","Not used","Not used","BDD","1","1","79","1200"
"75","64","60","8","2016-04-04 14:42:20","//Server03/Server03_2TB/Xerox1000/Xerox Hot Folder/","Not used","Not used","BDD","1","1","80","1200"
"76","64","60","8","2016-04-04 16:02:14","//Server03/Server03_2TB/Xerox1000/Xerox Hot Folder/","Not used","Not used","BDD","1","1","81","1200"
"77","64","60","8","2016-04-06 11:17:04","//Server03/Server03_2TB/Xerox1000/Xerox Hot Folder/","Not used","Not used","BDD","1","1","82","1200"
"78","64","60","8","2016-04-06 11:32:31","//Server03/Server03_2TB/Xerox1000/Xerox Hot Folder/","Not used","Not used","BDD","1","1","83","1200"
"79","64","60","8","2016-04-06 11:33:40","//Server03/Server03_2TB/Xerox1000/Xerox Hot Folder/","Not used","Not used","BDD","1","1","84","1200"
"80","64","60","8","2016-04-08 06:06:20","//Server03/Server03_2TB/Xerox1000/Xerox Hot Folder/","Not used","Not used","BDD","1","1","85","1200"
"81","64","60","8","2016-04-08 06:22:34","//Server03/Server03_2TB/Xerox1000/Xerox Hot Folder/","Not used","Not used","BDD","1","1","86","1200"
"88","64","60","8","2016-05-27 10:22:06","//Server03/Server03_2TB/Xerox1000/Xerox Hot Folder/","Not used","Not used","BDD","1","1","90","1200"
"92","58","60","8","2016-06-21 16:08:35","//Server03/Server03_2TB/Xerox1000/Xerox Hot Folder/","Not used","Not used","SOC","1","1","91","1200"
"93","58","60","8","2016-06-21 16:20:11","//Server03/Server03_2TB/Xerox1000/Xerox Hot Folder/","Not used","Not used","SOC","1","1","92","1200"
"94","58","60","8","2016-06-21 16:28:56","//Server03/Server03_2TB/Xerox1000/Xerox Hot Folder/","Not used","Not used","SOC","1","1","93","1200"
"95","58","60","8","2016-06-21 16:41:10","//Server03/Server03_2TB/Xerox1000/Xerox Hot Folder/","Not used","Not used","SOC","1","1","94","1200"
"98","64","480","5","2018-06-07 11:37:36","//PROCESS-MANAGER/BigDot_Hot_Folder/","SC_095","SC_095","BDD","1","1","95","1200"
"99","64","480","6","2018-11-19 17:08:59","//PROCESS-MANAGER/BigDot_Hot_Folder/","SC_096_8.50x11.00-PP_PUR","SC_096_8.50x11.00-PP_PUR","BDD","1","1","96","1200"
"100","64","60","8","2016-07-28 15:57:17","//Server03/Server03_2TB/Xerox1000/Xerox Hot Folder/","Not used","Not used","BDD","1","1","97","1200"
"101","64","480","7","2017-11-29 16:10:11","//PROCESS-MANAGER/BigDot_Hot_Folder/","SC_098","SC_098","BDD","1","1","98","600"
"102","64","480","5","2018-08-25 21:35:22","//PROCESS-MANAGER/BigDot_Hot_Folder/","SC_099_4.75x4.75_PP_PUR","SC_099_4.75x4.75_PP_PUR","BDD","1","1","99","2400"
"103","64","480","5","2019-03-06 18:19:09","//PROCESS-MANAGER/BigDot_Hot_Folder/","HC_100_8.00x8.00_PP_PUR","HC_100_8.00x8.00_PP_PUR","BDD","1","1","100","1200"
"104","64","480","5","2019-03-06 18:19:28","//PROCESS-MANAGER/BigDot_Hot_Folder/","HC_101_8.50x11.00_PP_PUR","HC_101_8.50x11.00_PP_PUR","BDD","1","1","101","1200"
"105","64","480","5","2017-10-17 14:53:57","//PROCESS-MANAGER/BigDot_Hot_Folder/","HC_102_10.00x10.00-PP_PUR","HC_102_10.00x10.00-PP_PUR","BDD","1","1","102","600"
"106","64","480","5","2017-10-17 15:14:11","//PROCESS-MANAGER/BigDot_Hot_Folder/","HC_103_12.00x12.00-PP_PUR","HC_103_12.00x12.00-PP_PUR","BDD","1","1","103","600"
"107","64","1","1","2016-10-13 13:03:35","//Server03/Server03_2TB/Xerox1000/Xerox Hot Folder/","HC_104","HC_104","BDD","1","1","104","600"
"108","64","60","8","2016-08-01 16:13:46","//Server03/Server03_2TB/Xerox1000/Xerox Hot Folder/","Not used","Not used","BDD","1","1","105","600"
"109","64","60","8","2016-08-01 16:18:10","//Server03/Server03_2TB/Xerox1000/Xerox Hot Folder/","Not used","Not used","BDD","1","1","106","600"
"110","64","60","8","2016-08-01 16:19:03","//Server03/Server03_2TB/Xerox1000/Xerox Hot Folder/","Not used","Not used","BDD","1","1","107","600"
"111","58","480","10","2019-08-13 13:48:41","//PROCESS-MANAGER/BigDot_Hot_Folder/","SC_108","SC_108","SOC","1","1","108","400"
"112","64","480","5","2017-10-17 14:25:33","//PROCESS-MANAGER/BigDot_Hot_Folder/","HC_109_11.00x8.50-PP_PUR","HC_109_11.00x8.50-PP_PUR","BDD","1","1","109","1200"
"114","64","60","8","2016-08-02 10:55:42","//Server03/Server03_2TB/Xerox1000/Xerox Hot Folder/","Not used","Not used","BDD","1","1","111","400"
"115","64","60","8","2016-08-02 10:57:02","//Server03/Server03_2TB/Xerox1000/Xerox Hot Folder/","Not used","Not used","BDD","1","1","112","400"
"116","64","60","8","2016-08-02 11:11:19","//Server03/Server03_2TB/Xerox1000/Xerox Hot Folder/","Not used","Not used","BDD","1","1","113","400"
"118","64","60","8","2016-09-06 12:45:24","//Server03/Server03_2TB/Xerox1000/Xerox Hot Folder/","Not used","Not used","BDD","1","1","114","400"
"119","64","60","8","2016-09-06 12:46:12","//Server03/Server03_2TB/Xerox1000/Xerox Hot Folder/","Not used","Not used","BDD","1","1","115","400"
"120","64","60","8","2016-09-12 15:18:51","//Server03/Server03_2TB/Xerox1000/Xerox Hot Folder/","Not used","Not used","BDD","1","1","116","400"
"122","64","1","1","2016-10-13 11:32:12","//PROCESS-MANAGER/BigDot_Hot_Folder/","HC_028_CVR","HC_028","BDD","1","1","28","200"
"123","64","1","1","2016-10-13 11:36:09","//PROCESS-MANAGER/BigDot_Hot_Folder/","HC_027_CVR","HC_027","BDD","1","1","27","200"
"125","64","1","1","2017-09-01 17:02:02","//PROCESS-MANAGER/BigDot_Hot_Folder/","HC_026","HC_026","BDD","1","1","26","200"
"126","65","480","4","2018-04-16 16:10:07","//PROCESS-MANAGER/BigDot_Hot_Folder/","HC_030","HC_030","BDD","1","1","30","1200"
"127","65","480","10","2019-10-23 23:06:43","//PROCESS-MANAGER/BigDot_Hot_Folder/",,,"BDD","1","1","34","1200"
"128","65","480","10","2019-10-23 23:07:14","//PROCESS-MANAGER/BigDot_Hot_Folder/",,,"BDD","1","1","75","600"
"129","65","480","5","2018-04-15 09:40:09","//PROCESS-MANAGER/BigDot_Hot_Folder/",,,"BDD","1","1","28","200"
"130","65","480","5","2018-04-15 09:40:35","//PROCESS-MANAGER/BigDot_Hot_Folder/",,,"BDD","1","1","66","2400"
"131","65","480","6","2018-04-16 17:13:31","//PROCESS-MANAGER/BigDot_Hot_Folder/",,,"BDD","1","1","65","2400"
"133","65","480","5","2018-04-15 09:42:07","//PROCESS-MANAGER/BigDot_Hot_Folder/",,,"BDD","1","1","26","200"
"134","65","480","5","2018-04-15 09:42:36","//PROCESS-MANAGER/BigDot_Hot_Folder/",,,"BDD","1","1","76","2400"
"136","65","480","5","2018-04-15 09:43:31","//PROCESS-MANAGER/BigDot_Hot_Folder/",,,"BDD","1","1","1","1200"
"137","65","480","10","2018-06-12 16:41:07","//PROCESS-MANAGER/BigDot_Hot_Folder/",,,"BDD","1","1","13","50"
"138","65","480","9","2018-04-15 09:45:11","//PROCESS-MANAGER/BigDot_Hot_Folder/",,,"BDD","1","1","7","1200"
"139","65","480","6","2018-04-16 15:40:42","//PROCESS-MANAGER/BigDot_Hot_Folder/",,,"BDD","1","1","77","1200"
"140","65","480","4","2018-04-17 11:53:39","//PROCESS-MANAGER/BigDot_Hot_Folder/",,,"BDD","1","1","31","215"
"142","65","480","5","2018-06-26 11:52:27","//PROCESS-MANAGER/BigDot_Hot_Folder/","PP_118_8.5x11_DoubeSided","PP_118_8.5x11_DoubeSided","BDD","0","0","118","400"
"143","65","480","5","2018-07-09 13:38:14","//PROCESS-MANAGER/BigDot_Hot_Folder/","PP_119_DoubleSided","PP_119_DoubleSided","BDD","1","1","119","600"
"145","65","480","5","2018-06-26 13:41:29","//PROCESS-MANAGER/BigDot_Hot_Folder/","PP_117_8.50X11.00_PagePrint","PP_117_8.50X11.00_PagePrint","BDD","1","1","117","400"
"146","65","480","5","2018-06-26 17:25:54","//PROCESS-MANAGER/BigDot_Hot_Folder/","PP_120_8.00x8.00_PagePrint","PP_120_8.00x8.00_PagePrint","BDD","1","1","120","1200"
"147","65","480","5","2018-06-26 18:04:00","//PROCESS-MANAGER/BigDot_Hot_Folder/","SC_121_8.00x8.00_PP_PUR","SC_121_8.00x8.00_PP_PUR","BDD","1","1","121","1200"
"148","65","480","5","2018-07-02 13:00:25","//PROCESS-MANAGER/BigDot_Hot_Folder/","SC_088_5.50x5.50_PP_PUR","SC_088_5.50x5.50_PP_PUR","BDD","1","1","88","1200"
"150","65","480","5","2018-08-13 14:02:49","//PROCESS-MANAGER/BigDot_Hot_Folder/","HC_081_11.00x8.50_PP_SS","HC_081_11.00x8.50_PP_SS","BDD","1","1","81","1200"
"151","65","480","5","2018-08-13 14:03:08","//PROCESS-MANAGER/BigDot_Hot_Folder/","HC_080_8.50x11.00_PP_SS","HC_080_8.50x11.00_PP_SS","BDD","1","1","80","1200"
"152","65","480","5","2018-08-13 14:02:25","//PROCESS-MANAGER/BigDot_Hot_Folder/'","SC_095_7.75x7.75_PP_PUR","SC_095_7.75x7.75_PP_PUR","BDD","1","1","95","1200"
"154","65","480","5","2018-11-30 18:32:07","//PROCESS-MANAGER/BigDot_Hot_Folder/","HC_110_11.00x8.50_PP_LF","HC_110_11.00x8.50_PP_LF","BDD","1","1","110","400"
"156","65","480","5","2018-08-16 15:26:41","//PROCESS-MANAGER/BigDot_Hot_Folder/","SC_123_5x5_PP_PUR","SC_123_5x5_PP_PUR","BDD","1","1","123","1200"
"157","48","480","5","2019-01-21 14:38:46","//PROCESS-MANAGER/BigDot_Hot_Folder/","HC_100","HC_100","BDD","1","1","100","1200"
"158","58","480","6","2019-07-24 23:52:05","//PROCESS-MANAGER/BigDot_Hot_Folder/","HC_127","HC_127","SOC","1","1","127","400"
"159","58","480","6","2019-07-24 23:51:37","//PROCESS-MANAGER/BigDot_Hot_Folder/","HC_126","HC_126","SOC","1","1","126","200"
"160","58","480","8","2019-07-22 17:46:27","//PROCESS-MANAGER/BigDot_Hot_Folder/","HC_125","HC_125","SOC","1","1","125","400"
"161","58","480","12","2019-07-24 23:49:55","//PROCESS-MANAGER/BigDot_Hot_Folder/","HC_124","HC_124","SOC","1","1","124","400"
"162","68","480","1","2018-11-21 11:24:17","//PROCESS-MANAGER/BigDot_Hot_Folder/",,,,"1","1","103","600"
"163","68","480","1","2018-11-21 11:25:16","//PROCESS-MANAGER/BigDot_Hot_Folder/",,,,"1","1","101","1200"
"164","68","480","5","2019-12-11 17:03:01","//PROCESS-MANAGER/BigDot_Hot_Folder/",,,"BDD","1","1","109","1200"
"165","68","480","1","2018-12-07 16:51:32","//PROCESS-MANAGER/BigDot_Hot_Folder/",,,,"1","1","98","600"
"166","68","480","6","2018-12-07 16:51:58","//PROCESS-MANAGER/BigDot_Hot_Folder/",,,,"1","1","96","1200"
"169","68","480","5","2019-01-21 00:00:00","//PROCESS-MANAGER/BigDot_Hot_Folder/","HC_100","HC_100",,"1","1","100","1200"
"170","68","480","1","2019-01-22 00:00:00","//PROCESS-MANAGER/BigDot_Hot_Folder/","HC_026","HC_026",,"1","1","26","200"
"171","68","480","5","2019-01-31 00:00:00","//PROCESS-MANAGER/BigDot_Hot_Folder/","SC_095","SC_095",,"1","1","95","1200"
"172","68","480","1","2019-04-09 17:03:11","//PROCESS-MANAGER/BigDot_Hot_Folder/","PP_117","PP_117","BDD","1","1","117","400"
"174","68","480","1",NULL,"//PROCESS-MANAGER/BigDot_Hot_Folder/","PP_118","PP_118","BDD","1","1","118","400"
"175","68","480","1",NULL,"//PROCESS-MANAGER/BigDot_Hot_Folder/","PP_120","PP_120","BDD","1","1","120","1200"
"176","68","480","1","2019-08-12 14:29:44","//PROCESS-MANAGER/BigDot_Hot_Folder/","HC_028","HC_028",,"1","1","28","200"
"177","69","480","4","2019-10-23 19:19:16","//PROCESS-MANAGER/BigDot_Hot_Folder/","HC_128","HC_128","BDD","1","1","128","250"
"178","69","480","1","2019-10-23 19:19:16","//PROCESS-MANAGER/BigDot_Hot_Folder/","Note_005","Note_005","BDD","1","1","5","1"
"179","70","480","1","2019-10-23 19:19:16","//PROCESS-MANAGER/BigDot_Hot_Folder/","HC_026","HC_026","BDD","1","1","26","200"
"180","37","480","1","2019-10-23 19:19:16","//PROCESS-MANAGER/BigDot_Hot_Folder/",,,"BDD","1","1","3","1200"
"181","37","480","1","2019-10-23 19:19:16","//PROCESS-MANAGER/BigDot_Hot_Folder/",,,"BDD","1","1","4","1200"
"182","37","480","1","2019-10-23 19:19:16","//PROCESS-MANAGER/BigDot_Hot_Folder/",,,"BDD","1","1","2","1200"
"183","37","480","1","2019-10-23 19:19:16","//PROCESS-MANAGER/BigDot_Hot_Folder/",,,"BDD","1","1","6","1200"
"184","37","480","1","2019-10-23 19:19:16","//PROCESS-MANAGER/BigDot_Hot_Folder/",,,"BDD","1","1","7","1200"
"185","37","480","1","2019-10-23 19:19:16","//PROCESS-MANAGER/BigDot_Hot_Folder/",,,"BDD","1","1","8","1200"
"186","37","480","1","2019-10-23 19:19:16","//PROCESS-MANAGER/BigDot_Hot_Folder/",,,"BDD","1","1","9","1200"
"187","37","480","1","2019-10-23 19:19:16","//PROCESS-MANAGER/BigDot_Hot_Folder/",,,"BDD","1","1","10","1200"
"188","37","480","1","2019-10-23 19:19:16","//PROCESS-MANAGER/BigDot_Hot_Folder/",,,"BDD","1","1","11","200"
"189","37","480","1","2019-10-23 19:19:16","//PROCESS-MANAGER/BigDot_Hot_Folder/",,,"BDD","1","1","14","1200"
"190","37","480","1","2019-10-23 19:19:16","//PROCESS-MANAGER/BigDot_Hot_Folder/",,,"BDD","1","1","15","1200"
"191","37","480","1","2019-10-23 19:19:16","//PROCESS-MANAGER/BigDot_Hot_Folder/","SC_CVR_1up_80lb_13x19","SC_CVR_1up_80lb_13x19","BDD","1","1","16","1200"
"192","69","480","4","2019-10-23 19:19:16","//PROCESS-MANAGER/BigDot_Hot_Folder/","HC_129","HC_129","BDD","1","1","129","300"
"193","70","480","3","2020-06-19 00:00:00","//PROCESS-MANAGER/BigDot_Hot_Folder/","NULL","HC_107_10.00x10.00_FM-1","BDD","1","1","107","600"
"194","72","480","1","2019-10-23 19:19:16","//PROCESS-MANAGER/BigDot_Hot_Folder/",,,"BDD","1","1","11","200"
"195","37","480","1","2018-11-21 11:24:17","//PROCESS-MANAGER/BigDot_Hot_Folder/",,,"BDD","1","1","103","600"
"196","37","480","1","2018-11-21 11:24:17","//PROCESS-MANAGER/BigDot_Hot_Folder/",,,"BDD","1","1","12","1"
"198","58","480","4","2020-06-26 13:04:16","//PROCESS-MANAGER/BigDot_Hot_Folder/","HC_040_10.00X10.00_PUR",,"SOC","1","1","40","600"
"199","58","480","4","2020-06-26 13:04:16","//PROCESS-MANAGER/BigDot_Hot_Folder/","HC_041_8.50X11.00_PUR",,"SOC","1","1","41","900"
"200","58","1000","8","2020-06-26 13:04:16","//PROCESS-MANAGER/BigDot_Hot_Folder/","HC_043_8.50X8.50_PUR",,"BDD","1","1","43","800"
"201","58","480","4","2020-06-26 13:04:16","//PROCESS-MANAGER/BigDot_Hot_Folder/","HC_044_12.00x12.00_PUR",,"SOC","1","1","44","600"
"202","58","480","4","2020-06-26 13:04:16","//PROCESS-MANAGER/BigDot_Hot_Folder/","HC_045_12.00X12.00_PUR",,"SOC","1","1","45","600"
"204","58","480","4","2020-06-26 13:04:16","//PROCESS-MANAGER/BigDot_Hot_Folder/","HC_042_11.00X8.50_PUR",,"SOC","1","1","42","900"
"205","73","480","5","2019-01-31 00:00:00","//PROCESS-MANAGER/BigDot_Hot_Folder/","SC_095","SC_095","BDD","1","1","121","1200"
"206","74","480","5","2019-01-31 00:00:00","//PROCESS-MANAGER/BigDot_Hot_Folder/",,,"BDD","1","1","131","1200"
"207","74","480","5","2019-01-31 00:00:00","//PROCESS-MANAGER/BigDot_Hot_Folder/",,,"BDD","1","1","132","1200"
"208","74","480","5","2019-01-31 00:00:00","//PROCESS-MANAGER/BigDot_Hot_Folder/",,,"BDD","1","1","133","1200"
"209","74","480","5","2019-01-31 00:00:00","//PROCESS-MANAGER/BigDot_Hot_Folder/",,,"BDD","1","1","134","1200"
"210","74","480","5","2019-01-31 00:00:00","//PROCESS-MANAGER/BigDot_Hot_Folder/",,,"BDD","1","1","135","1200"
"211","74","480","5","2019-01-31 00:00:00","//PROCESS-MANAGER/BigDot_Hot_Folder/",,,"BDD","1","1","136","1200"
"212","74","480","5","2019-01-31 00:00:00","//PROCESS-MANAGER/BigDot_Hot_Folder/",,,"BDD","1","1","137","1200"
"213","74","480","5","2019-01-31 00:00:00","//PROCESS-MANAGER/BigDot_Hot_Folder/",,,"BDD","1","1","138","1200"
"214","58","480","5","2019-01-31 00:00:00","//PROCESS-MANAGER/BigDot_Hot_Folder/",,,"SOC","1","1","139","1200"
"215","69","480","5","2019-01-31 00:00:00","//PROCESS-MANAGER/BigDot_Hot_Folder/",,,"BDD","1","1","140","1200"
"216","69","480","10","2019-10-23 19:19:16","//PROCESS-MANAGER/BigDot_Hot_Folder/","HC_141","HC_141","BDD","1","1","141","650"
"217","69","480","5","2019-10-23 19:19:16","//PROCESS-MANAGER/BigDot_Hot_Folder/","HC_142","HC_142","BDD","1","1","142","450"
"218","58","480","10","2022-04-13 13:48:41","//PROCESS-MANAGER/BigDot_Hot_Folder/","SC_143","SC_143","SOC","1","1","143","400"
"219","58","1000","8","2019-09-12 18:25:32","//PROCESS-MANAGER/BigDot_Hot_Folder/","HC_145","HC_145","SOC","1","1","145","400"
"220","58","1000","8","2019-09-12 18:25:32","//PROCESS-MANAGER/BigDot_Hot_Folder/","HC_146","HC_146","SOC","1","1","146","400"
"221","58","480","10","2022-04-13 13:48:41","//PROCESS-MANAGER/BigDot_Hot_Folder/","SC_144","SC_144","SOC","1","1","144","400"
"223","58","1000","8","2019-09-12 18:25:32","//PROCESS-MANAGER/BigDot_Hot_Folder/","HC_147","HC_147","SOC","1","1","147","400"
"224","58","1000","8","2019-09-12 18:25:32","//PROCESS-MANAGER/BigDot_Hot_Folder/","HC_148","HC_148","SOC","1","1","148","400"
"225","58","1000","8","2019-09-12 18:25:32","//PROCESS-MANAGER/BigDot_Hot_Folder/","HC_149","HC_149","SOC","1","1","149","200"
"226","58","1000","8","2019-09-12 18:25:32","//PROCESS-MANAGER/BigDot_Hot_Folder/","HC_150","HC_150","SOC","1","1","150","200"
"227","58","1000","8","2019-09-12 18:25:32","//PROCESS-MANAGER/BigDot_Hot_Folder/","HC_151","HC_151","SOC","1","1","151","400"
"228","58","1000","8","2019-09-12 18:25:32","//PROCESS-MANAGER/BigDot_Hot_Folder/","HC_152","HC_152","SOC","1","1","152","400"
"229","58","1000","8","2019-09-12 18:25:32","//PROCESS-MANAGER/BigDot_Hot_Folder/","HC_153","HC_153","SOC","1","1","153","400"
"230","58","1000","8","2019-09-12 18:25:32","//PROCESS-MANAGER/BigDot_Hot_Folder/","HC_154","HC_154","SOC","1","1","154","400"
"231","48","0","0","2022-05-03 07:15:02",,,,,"0","0","0",NULL
"232","58","0","0","2022-05-03 07:15:35",,,,,"0","0","301985",NULL
"233","58","1000","8","2019-09-12 18:25:32","//PROCESS-MANAGER/BigDot_Hot_Folder/","HC_155","HC_155","SOC","1","1","155","250"
"234","58","480","7","2019-07-24 15:37:55","//PROCESS-MANAGER/BigDot_Hot_Folder/","HC_156","HC_156","SOC","1","1","156","200"
"235","58","1000","4","2019-09-12 18:17:44","//PROCESS-MANAGER/BigDot_Hot_Folder/","HC_157","HC_157","SOC","1","1","157","200"
"236","58","480","5","2019-03-06 18:18:26","//PROCESS-MANAGER/BigDot_Hot_Folder/","HC_158","HC_158","SOC","1","1","158","400"
"237","58","480","5","2019-03-06 18:18:26","//PROCESS-MANAGER/BigDot_Hot_Folder/","HC_159","HC_159","SOC","1","1","159","400"
"238","58","480","5","2019-03-06 18:18:26","//PROCESS-MANAGER/BigDot_Hot_Folder/","HC_160","HC_160","SOC","1","1","160","400"
"239","58","1000","8","2019-09-12 18:25:32","//PROCESS-MANAGER/BigDot_Hot_Folder/","HC_161","HC_161","SOC","1","1","161","400"
"240","58","1000","8","2019-09-12 18:25:32","//PROCESS-MANAGER/BigDot_Hot_Folder/","HC_162","HC_162","SOC","1","1","162","215"
"241","58","1000","8","2019-09-12 18:25:32","//PROCESS-MANAGER/BigDot_Hot_Folder/","HC_163","HC_163","SOC","1","1","163","400"
"242","58","1000","8","2019-09-12 18:25:32","//PROCESS-MANAGER/BigDot_Hot_Folder/","HC_164","HC_164","SOC","1","1","164","400"
"243","58","1000","8","2019-09-12 18:25:32","//PROCESS-MANAGER/BigDot_Hot_Folder/","HC_165","HC_165","SOC","1","1","165","400"
"244","58","1000","8","2019-09-12 18:25:32","//PROCESS-MANAGER/BigDot_Hot_Folder/","HC_166","HC_166","SOC","1","1","166","400"
"245","58","480","5","2022-04-13 13:48:41","//PROCESS-MANAGER/BigDot_Hot_Folder/","HC_167","HC_167","SOC","1","1","167","400"
"246","58","480","5","2022-04-13 13:48:41","//PROCESS-MANAGER/BigDot_Hot_Folder/","HC_168","HC_168","SOC","1","1","168","400"
"247","58","480","5","2022-04-13 13:48:41","//PROCESS-MANAGER/BigDot_Hot_Folder/","HC_169","HC_169","SOC","1","1","169","400"
"248","58","480","5","2022-04-13 13:48:41","//PROCESS-MANAGER/BigDot_Hot_Folder/","HC_170","HC_170","SOC","1","1","170","400"
"249","58","480","5","2022-04-13 13:48:41","//PROCESS-MANAGER/BigDot_Hot_Folder/","HC_171","HC_171","SOC","1","1","171","215"
"250","58","480","5","2022-04-13 13:48:41","//PROCESS-MANAGER/BigDot_Hot_Folder/","HC_172","HC_172","BDD","1","1","172","215"
"251","58","480","5","2022-04-13 13:48:41","//PROCESS-MANAGER/BigDot_Hot_Folder/","HC_173","HC_173","SOC","1","1","173","400"
"252","58","480","5","2022-04-13 13:48:41","//PROCESS-MANAGER/BigDot_Hot_Folder/","HC_174","HC_174","SOC","1","1","174","400"
"253","58","480","5","2022-04-13 13:48:41","//PROCESS-MANAGER/BigDot_Hot_Folder/","HC_175","HC_175","SOC","1","1","175","400"
"254","58","480","5","2022-04-13 13:48:41","//PROCESS-MANAGER/BigDot_Hot_Folder/","HC_176","HC_176","SOC","1","1","176","400"
"255","58","480","5","2022-04-13 13:48:41","//PROCESS-MANAGER/BigDot_Hot_Folder/","HC_177","HC_177","SOC","1","1","177","200"
"256","58","480","5","2022-04-13 13:48:41","//PROCESS-MANAGER/BigDot_Hot_Folder/","HC_178","HC_178","SOC","1","1","178","200"
"257","58","480","6","2020-06-26 13:04:16","//PROCESS-MANAGER/BigDot_Hot_Folder/",NULL,NULL,"SOC","1","1","181","1200"
"258","58","480","6","2020-06-26 13:04:16","//PROCESS-MANAGER/BigDot_Hot_Folder/",NULL,NULL,"SOC","1","1","188","1200"
"259","58","480","6","2020-06-26 13:04:16","//PROCESS-MANAGER/BigDot_Hot_Folder/",NULL,NULL,"SOC","1","1","195","1200"
"260","58","480","6","2020-06-26 13:04:16","//PROCESS-MANAGER/BigDot_Hot_Folder/",NULL,NULL,"SOC","1","1","202","1200"
"261","58","480","5","2022-04-13 13:48:41","//PROCESS-MANAGER/BigDot_Hot_Folder/",,,"SOC","1","1","179","2400"
"262","58","480","5","2022-04-13 13:48:41","//PROCESS-MANAGER/BigDot_Hot_Folder/",,,"SOC","1","1","180","1200"
"266","58","480","5","2022-04-13 13:48:41","//PROCESS-MANAGER/BigDot_Hot_Folder/",,,"SOC","1","1","182","1200"
"267","58","480","5","2022-04-13 13:48:41","//PROCESS-MANAGER/BigDot_Hot_Folder/",,,"SOC","1","1","183","1200"
"268","58","480","5","2022-04-13 13:48:41","//PROCESS-MANAGER/BigDot_Hot_Folder/",,,"SOC","1","1","184","600"
"269","58","480","5","2022-04-13 13:48:41","//PROCESS-MANAGER/BigDot_Hot_Folder/",,,"SOC","1","1","185","600"
"270","58","480","5","2022-04-13 13:48:41","//PROCESS-MANAGER/BigDot_Hot_Folder/",,,"SOC","1","1","186","2400"
"271","58","480","5","2022-04-13 13:48:41","//PROCESS-MANAGER/BigDot_Hot_Folder/",,,"SOC","1","1","187","1200"
"273","58","480","5","2022-04-13 13:48:41","//PROCESS-MANAGER/BigDot_Hot_Folder/",,,"SOC","1","1","189","1200"
"274","58","480","5","2022-04-13 13:48:41","//PROCESS-MANAGER/BigDot_Hot_Folder/",,,"SOC","1","1","190","1200"
"275","58","480","5","2022-04-13 13:48:41","//PROCESS-MANAGER/BigDot_Hot_Folder/",,,"SOC","1","1","191","600"
"276","58","480","5","2022-04-13 13:48:41","//PROCESS-MANAGER/BigDot_Hot_Folder/",,,"SOC","1","1","192","600"
"277","58","480","5","2022-04-13 13:48:41","//PROCESS-MANAGER/BigDot_Hot_Folder/",,,"SOC","1","1","193","2400"
"278","58","480","5","2022-04-13 13:48:41","//PROCESS-MANAGER/BigDot_Hot_Folder/",,,"SOC","1","1","194","1200"
"280","58","480","5","2022-04-13 13:48:41","//PROCESS-MANAGER/BigDot_Hot_Folder/",,,"SOC","1","1","196","1200"
"281","58","480","5","2022-04-13 13:48:41","//PROCESS-MANAGER/BigDot_Hot_Folder/",,,"SOC","1","1","197","1200"
"282","58","480","5","2022-04-13 13:48:41","//PROCESS-MANAGER/BigDot_Hot_Folder/",,,"SOC","1","1","198","600"
"283","58","480","5","2022-04-13 13:48:41","//PROCESS-MANAGER/BigDot_Hot_Folder/",,,"SOC","1","1","199","600"
"284","58","480","5","2022-04-13 13:48:41","//PROCESS-MANAGER/BigDot_Hot_Folder/",,,"SOC","1","1","200","2400"
"285","58","480","5","2022-04-13 13:48:41","//PROCESS-MANAGER/BigDot_Hot_Folder/",,,"SOC","1","1","201","1200"
"287","58","480","5","2022-04-13 13:48:41","//PROCESS-MANAGER/BigDot_Hot_Folder/",,,"SOC","1","1","203","1200"
"288","58","480","5","2022-04-13 13:48:41","//PROCESS-MANAGER/BigDot_Hot_Folder/",,,"SOC","1","1","204","1200"
"289","58","480","5","2022-04-13 13:48:41","//PROCESS-MANAGER/BigDot_Hot_Folder/",,,"SOC","1","1","205","600"
"290","58","480","5","2022-04-13 13:48:41","//PROCESS-MANAGER/BigDot_Hot_Folder/",,,"SOC","1","1","206","600"
"291","68","480","10","2018-06-12 16:41:07","//PROCESS-MANAGER/BigDot_Hot_Folder/",,,"BDD","1","1","13","50"
"292","58","480","5","2019-01-31 00:00:00","//PROCESS-MANAGER/BigDot_Hot_Folder/",,,"SOC","1","1","135","1200"
"293","58","480","5","2019-01-31 00:00:00","//PROCESS-MANAGER/BigDot_Hot_Folder/",,,"SOC","1","1","138","1200"
"294","74","480","5","2019-01-31 00:00:00","//PROCESS-MANAGER/BigDot_Hot_Folder/",,,"BDD","1","1","139","1200"
"295","69","480","5","2019-01-31 00:00:00","//PROCESS-MANAGER/BigDot_Hot_Folder/","SC_121","SC_121","BDD","1","1","121","1200"
"296","69","480","1",NULL,"//PROCESS-MANAGER/BigDot_Hot_Folder/","SC_120","SC_120","BDD","1","1","120","1200"
"298","69","480","10","2019-10-23 19:19:16","//PROCESS-MANAGER/BigDot_Hot_Folder/","HC_141","HC_141","BDD","1","1","210","720"
"299","69","480","10","2019-10-23 19:19:16","//PROCESS-MANAGER/BigDot_Hot_Folder/","HC_141","HC_141","BDD","1","1","211","360"
"300","69","480","10","2019-10-23 19:19:16","//PROCESS-MANAGER/BigDot_Hot_Folder/","HC_141","HC_141","BDD","1","1","212","650"
"301","69","480","10","2019-10-23 19:19:16","//PROCESS-MANAGER/BigDot_Hot_Folder/","HC_141","HC_141","BDD","1","1","213","650"
"302","69","480","10","2019-10-23 19:19:16","//PROCESS-MANAGER/BigDot_Hot_Folder/","HC_141","HC_141","BDD","1","1","214","650"
"303","69","480","10","2019-10-23 19:19:16","//PROCESS-MANAGER/BigDot_Hot_Folder/","HC_141","HC_141","BDD","1","1","215","650"
"304","20","480","5","2022-04-13 13:48:41","//PROCESS-MANAGER/BigDot_Hot_Folder/","HC_171","HC_171","BDD","1","1","31","215"
"305","75","480","6","2020-06-26 13:04:26","//PROCESS-MANAGER/BigDot_Hot_Folder/","Not used","HC_316","BDD","1","1","316","1200"
"306","75","480","6","2020-06-26 13:04:26","//PROCESS-MANAGER/BigDot_Hot_Folder/","Not used","HC_316","BDD","1","1","335","860"
"308","75","480","6","2020-06-26 13:04:26","//PROCESS-MANAGER/BigDot_Hot_Folder/","Not used","HC_301","BDD","1","1","301","860"
"309","75","480","6","2020-06-26 13:04:26","//PROCESS-MANAGER/BigDot_Hot_Folder/","Not used","HC_306","BDD","1","1","306","860"
"310","75","480","6","2020-06-26 13:04:26","//PROCESS-MANAGER/BigDot_Hot_Folder/","Not used","HC_302","BDD","1","1","302","860"
"311","75","480","6","2020-06-26 13:04:26","//PROCESS-MANAGER/BigDot_Hot_Folder/","Not used","HC_307","BDD","1","1","307","860"
"314","75","480","6","2020-06-26 13:04:26","//PROCESS-MANAGER/BigDot_Hot_Folder/","Not used","HC_311","BDD","1","1","311","2500"
"315","75","480","6","2020-06-26 13:04:26","//PROCESS-MANAGER/BigDot_Hot_Folder/","Not used","HC_312","BDD","1","1","312","860"
"316","75","480","6","2020-06-26 13:04:26","//PROCESS-MANAGER/BigDot_Hot_Folder/","Not used","HC_317","BDD","1","1","317","860"
"317","75","480","6","2020-06-26 13:04:26","//PROCESS-MANAGER/BigDot_Hot_Folder/","Not used","HC_333","BDD","1","1","333","860"
"318","75","480","6","2020-06-26 13:04:26","//PROCESS-MANAGER/BigDot_Hot_Folder/","Not used","HC_336","BDD","1","1","336","860"
"319","75","480","6","2020-06-26 13:04:26","//PROCESS-MANAGER/BigDot_Hot_Folder/","Not used","HC_303","BDD","1","1","303","860"
"320","75","480","6","2020-06-26 13:04:26","//PROCESS-MANAGER/BigDot_Hot_Folder/","Not used","HC_304","BDD","1","1","304","860"
"321","75","480","6","2020-06-26 13:04:26","//PROCESS-MANAGER/BigDot_Hot_Folder/","Not used","HC_305","BDD","1","1","305","860"
"322","75","480","6","2020-06-26 13:04:26","//PROCESS-MANAGER/BigDot_Hot_Folder/","Not used","HC_308","BDD","1","1","308","860"
"323","75","480","6","2020-06-26 13:04:26","//PROCESS-MANAGER/BigDot_Hot_Folder/","Not used","HC_309","BDD","1","1","309","860"
"324","75","480","6","2020-06-26 13:04:26","//PROCESS-MANAGER/BigDot_Hot_Folder/","Not used","HC_310","BDD","1","1","310","860"
"325","75","480","6","2020-06-26 13:04:26","//PROCESS-MANAGER/BigDot_Hot_Folder/","Not used","HC_313","BDD","1","1","313","860"
"326","75","480","6","2020-06-26 13:04:26","//PROCESS-MANAGER/BigDot_Hot_Folder/","Not used","HC_314","BDD","1","1","314","860"
"327","75","480","6","2020-06-26 13:04:26","//PROCESS-MANAGER/BigDot_Hot_Folder/","Not used","HC_315","BDD","1","1","315","860"
"328","75","480","6","2020-06-26 13:04:26","//PROCESS-MANAGER/BigDot_Hot_Folder/","Not used","HC_318","BDD","1","1","318","860"
"329","75","480","6","2020-06-26 13:04:26","//PROCESS-MANAGER/BigDot_Hot_Folder/","Not used","HC_319","BDD","1","1","319","860"
"330","75","480","6","2020-06-26 13:04:26","//PROCESS-MANAGER/BigDot_Hot_Folder/","Not used","HC_320","BDD","1","1","320","860"
"331","75","480","6","2020-06-26 13:04:26","//PROCESS-MANAGER/BigDot_Hot_Folder/","Not used","HC_321","BDD","1","1","321","860"
"332","75","480","6","2020-06-26 13:04:26","//PROCESS-MANAGER/BigDot_Hot_Folder/","Not used","HC_322","BDD","1","1","322","860"
"333","75","480","6","2020-06-26 13:04:26","//PROCESS-MANAGER/BigDot_Hot_Folder/","Not used","HC_323","BDD","1","1","323","860"
"334","75","480","6","2020-06-26 13:04:26","//PROCESS-MANAGER/BigDot_Hot_Folder/","Not used","HC_324","BDD","1","1","324","860"
"335","75","480","6","2020-06-26 13:04:26","//PROCESS-MANAGER/BigDot_Hot_Folder/","Not used","HC_325","BDD","1","1","325","860"
"336","75","480","6","2020-06-26 13:04:26","//PROCESS-MANAGER/BigDot_Hot_Folder/","Not used","HC_326","BDD","1","1","326","860"
"337","75","480","6","2020-06-26 13:04:26","//PROCESS-MANAGER/BigDot_Hot_Folder/","Not used","HC_327","BDD","1","1","327","860"
"338","75","480","6","2020-06-26 13:04:26","//PROCESS-MANAGER/BigDot_Hot_Folder/","Not used","HC_328","BDD","1","1","328","860"
"339","75","480","6","2020-06-26 13:04:26","//PROCESS-MANAGER/BigDot_Hot_Folder/","Not used","HC_329","BDD","1","1","329","860"
"340","75","480","6","2020-06-26 13:04:26","//PROCESS-MANAGER/BigDot_Hot_Folder/","Not used","HC_330","BDD","1","1","330","860"
"341","75","480","6","2020-06-26 13:04:26","//PROCESS-MANAGER/BigDot_Hot_Folder/","Not used","HC_331","BDD","1","1","331","2500"
"342","75","480","6","2020-06-26 13:04:26","//PROCESS-MANAGER/BigDot_Hot_Folder/","Not used","HC_332","BDD","1","1","332","1250"
"343","75","480","6","2020-06-26 13:04:26","//PROCESS-MANAGER/BigDot_Hot_Folder/","Not used","HC_334","BDD","1","1","334","860"
"344","75","480","6","2020-06-26 13:04:26","//PROCESS-MANAGER/BigDot_Hot_Folder/","Not used","HC_337","BDD","1","1","337","860"
"345","75","480","6","2020-06-26 13:04:26","//PROCESS-MANAGER/BigDot_Hot_Folder/","Not used","HC_338","BDD","1","1","338","860"
"346","75","480","6","2020-06-26 13:04:26","//PROCESS-MANAGER/BigDot_Hot_Folder/","Not used","HC_339","BDD","1","1","339","860"
"347","75","480","6","2020-06-26 13:04:26","//PROCESS-MANAGER/BigDot_Hot_Folder/","Not used","HC_340","BDD","1","1","340","860"
"348","75","480","6","2020-06-26 13:04:26","//PROCESS-MANAGER/BigDot_Hot_Folder/","Not used","HC_405","BDD","1","1","405","860"
"349","75","480","6","2020-06-26 13:04:26","//PROCESS-MANAGER/BigDot_Hot_Folder/","Not used","HC_407","BDD","1","1","407","860"
"350","75","480","6","2020-06-26 13:04:26","//PROCESS-MANAGER/BigDot_Hot_Folder/","Not used","HC_409","BDD","1","1","409","860"
"351","75","480","6","2020-06-26 13:04:26","//PROCESS-MANAGER/BigDot_Hot_Folder/","Not used","HC_411","BDD","1","1","411","860"
"352","75","480","6","2020-06-26 13:04:26","//PROCESS-MANAGER/BigDot_Hot_Folder/","Not used","HC_413","BDD","1","1","413","860"
"353","75","480","6","2020-06-26 13:04:26","//PROCESS-MANAGER/BigDot_Hot_Folder/","Not used","HC_415","BDD","1","1","415","860"
"354","75","480","6","2020-06-26 13:04:26","//PROCESS-MANAGER/BigDot_Hot_Folder/","Not used","HC_417","BDD","1","1","417","860"
"355","75","480","6","2020-06-26 13:04:26","//PROCESS-MANAGER/BigDot_Hot_Folder/","Not used","HC_419","BDD","1","1","419","860"
"356","75","480","6","2020-06-26 13:04:26","//PROCESS-MANAGER/BigDot_Hot_Folder/","Not used","HC_379","BDD","1","1","379","860"
"357","75","480","6","2020-06-26 13:04:26","//PROCESS-MANAGER/BigDot_Hot_Folder/","Not used","HC_341","BDD","1","1","341","860"
"358","75","480","6","2020-06-26 13:04:26","//PROCESS-MANAGER/BigDot_Hot_Folder/","Not used","HC_433","BDD","1","1","433","860"
"359","75","480","6","2020-06-26 13:04:26","//PROCESS-MANAGER/BigDot_Hot_Folder/","Not used","HC_401","BDD","1","1","401","860"
"365","75","480","6","2020-06-26 13:04:26","//PROCESS-MANAGER/BigDot_Hot_Folder/","Not used","HC_342","BDD","1","1","342","860"
"366","75","480","6","2020-06-26 13:04:26","//PROCESS-MANAGER/BigDot_Hot_Folder/","Not used","HC_343","BDD","1","1","343","860"
"367","75","480","6","2020-06-26 13:04:26","//PROCESS-MANAGER/BigDot_Hot_Folder/","Not used","HC_344","BDD","1","1","344","860"
"369","75","480","6","2020-06-26 13:04:26","//PROCESS-MANAGER/BigDot_Hot_Folder/","Not used","HC_345","BDD","1","1","345","860"
"370","75","480","6","2020-06-26 13:04:26","//PROCESS-MANAGER/BigDot_Hot_Folder/","Not used","HC_346","BDD","1","1","346","860"
"371","75","480","6","2020-06-26 13:04:26","//PROCESS-MANAGER/BigDot_Hot_Folder/","Not used","HC_347","BDD","1","1","347","860"
"372","75","480","6","2020-06-26 13:04:26","//PROCESS-MANAGER/BigDot_Hot_Folder/","Not used","HC_348","BDD","1","1","348","860"
"373","75","480","6","2020-06-26 13:04:26","//PROCESS-MANAGER/BigDot_Hot_Folder/","Not used","HC_349","BDD","1","1","349","860"
"374","75","480","6","2020-06-26 13:04:26","//PROCESS-MANAGER/BigDot_Hot_Folder/","Not used","HC_350","BDD","1","1","350","860"
"375","75","480","6","2020-06-26 13:04:26","//PROCESS-MANAGER/BigDot_Hot_Folder/","Not used","HC_351","BDD","1","1","351","860"
"376","75","480","6","2020-06-26 13:04:26","//PROCESS-MANAGER/BigDot_Hot_Folder/","Not used","HC_352","BDD","1","1","352","860"
"377","75","480","6","2020-06-26 13:04:26","//PROCESS-MANAGER/BigDot_Hot_Folder/","Not used","HC_353","BDD","1","1","353","860"
"378","75","480","6","2020-06-26 13:04:26","//PROCESS-MANAGER/BigDot_Hot_Folder/","Not used","HC_354","BDD","1","1","354","860"
"379","75","480","6","2020-06-26 13:04:26","//PROCESS-MANAGER/BigDot_Hot_Folder/","Not used","HC_355","BDD","1","1","355","860"
"380","75","480","6","2020-06-26 13:04:26","//PROCESS-MANAGER/BigDot_Hot_Folder/","Not used","HC_356","BDD","1","1","356","860"
"381","75","480","6","2020-06-26 13:04:26","//PROCESS-MANAGER/BigDot_Hot_Folder/","Not used","HC_357","BDD","1","1","357","860"
"382","75","480","6","2020-06-26 13:04:26","//PROCESS-MANAGER/BigDot_Hot_Folder/","Not used","HC_358","BDD","1","1","358","860"
"383","75","480","6","2020-06-26 13:04:26","//PROCESS-MANAGER/BigDot_Hot_Folder/","Not used","HC_359","BDD","1","1","359","860"
"384","75","480","6","2020-06-26 13:04:26","//PROCESS-MANAGER/BigDot_Hot_Folder/","Not used","HC_360","BDD","1","1","360","860"
"385","75","480","6","2020-06-26 13:04:26","//PROCESS-MANAGER/BigDot_Hot_Folder/","Not used","HC_361","BDD","1","1","361","860"
"386","75","480","6","2020-06-26 13:04:26","//PROCESS-MANAGER/BigDot_Hot_Folder/","Not used","HC_362","BDD","1","1","362","860"
"387","75","480","6","2020-06-26 13:04:26","//PROCESS-MANAGER/BigDot_Hot_Folder/","Not used","HC_363","BDD","1","1","363","860"
"388","75","480","6","2020-06-26 13:04:26","//PROCESS-MANAGER/BigDot_Hot_Folder/","Not used","HC_364","BDD","1","1","364","860"
"389","75","480","6","2020-06-26 13:04:26","//PROCESS-MANAGER/BigDot_Hot_Folder/","Not used","HC_365","BDD","1","1","365","860"
"390","75","480","6","2020-06-26 13:04:26","//PROCESS-MANAGER/BigDot_Hot_Folder/","Not used","HC_366","BDD","1","1","366","860"
"391","75","480","6","2020-06-26 13:04:26","//PROCESS-MANAGER/BigDot_Hot_Folder/","Not used","HC_367","BDD","1","1","367","860"
"392","75","480","6","2020-06-26 13:04:26","//PROCESS-MANAGER/BigDot_Hot_Folder/","Not used","HC_368","BDD","1","1","368","860"
"393","75","480","6","2020-06-26 13:04:26","//PROCESS-MANAGER/BigDot_Hot_Folder/","Not used","HC_369","BDD","1","1","369","860"
"394","75","480","6","2020-06-26 13:04:26","//PROCESS-MANAGER/BigDot_Hot_Folder/","Not used","HC_370","BDD","1","1","370","860"
"395","75","480","6","2020-06-26 13:04:26","//PROCESS-MANAGER/BigDot_Hot_Folder/","Not used","HC_371","BDD","1","1","371","860"
"396","75","480","6","2020-06-26 13:04:26","//PROCESS-MANAGER/BigDot_Hot_Folder/","Not used","HC_372","BDD","1","1","372","860"
"397","75","480","6","2020-06-26 13:04:26","//PROCESS-MANAGER/BigDot_Hot_Folder/","Not used","HC_373","BDD","1","1","373","860"
"398","75","480","6","2020-06-26 13:04:26","//PROCESS-MANAGER/BigDot_Hot_Folder/","Not used","HC_374","BDD","1","1","374","860"
"399","75","480","6","2020-06-26 13:04:26","//PROCESS-MANAGER/BigDot_Hot_Folder/","Not used","HC_375","BDD","1","1","375","860"
"400","75","480","6","2020-06-26 13:04:26","//PROCESS-MANAGER/BigDot_Hot_Folder/","Not used","HC_376","BDD","1","1","376","860"
"401","75","480","6","2020-06-26 13:04:26","//PROCESS-MANAGER/BigDot_Hot_Folder/","Not used","HC_377","BDD","1","1","377","860"
"402","75","480","6","2020-06-26 13:04:26","//PROCESS-MANAGER/BigDot_Hot_Folder/","Not used","HC_378","BDD","1","1","378","860"
"403","75","480","6","2020-06-26 13:04:26","//PROCESS-MANAGER/BigDot_Hot_Folder/","Not used","HC_380","BDD","1","1","380","860"
"404","75","480","6","2020-06-26 13:04:26","//PROCESS-MANAGER/BigDot_Hot_Folder/","Not used","HC_381","BDD","1","1","381","860"
"405","75","480","6","2020-06-26 13:04:26","//PROCESS-MANAGER/BigDot_Hot_Folder/","Not used","HC_382","BDD","1","1","382","860"
"406","75","480","6","2020-06-26 13:04:26","//PROCESS-MANAGER/BigDot_Hot_Folder/","Not used","HC_383","BDD","1","1","383","860"
"407","75","480","6","2020-06-26 13:04:26","//PROCESS-MANAGER/BigDot_Hot_Folder/","Not used","HC_384","BDD","1","1","384","860"
"408","75","480","6","2020-06-26 13:04:26","//PROCESS-MANAGER/BigDot_Hot_Folder/","Not used","HC_385","BDD","1","1","385","860"
"409","75","480","6","2020-06-26 13:04:26","//PROCESS-MANAGER/BigDot_Hot_Folder/","Not used","HC_386","BDD","1","1","386","860"
"410","75","480","6","2020-06-26 13:04:26","//PROCESS-MANAGER/BigDot_Hot_Folder/","Not used","HC_387","BDD","1","1","387","860"
"411","75","480","6","2020-06-26 13:04:26","//PROCESS-MANAGER/BigDot_Hot_Folder/","Not used","HC_388","BDD","1","1","388","860"
"412","75","480","6","2020-06-26 13:04:26","//PROCESS-MANAGER/BigDot_Hot_Folder/","Not used","HC_389","BDD","1","1","389","860"
"413","75","480","6","2020-06-26 13:04:26","//PROCESS-MANAGER/BigDot_Hot_Folder/","Not used","HC_390","BDD","1","1","390","860"
"414","75","480","6","2020-06-26 13:04:26","//PROCESS-MANAGER/BigDot_Hot_Folder/","Not used","HC_391","BDD","1","1","391","860"
"415","75","480","6","2020-06-26 13:04:26","//PROCESS-MANAGER/BigDot_Hot_Folder/","Not used","HC_392","BDD","1","1","392","860"
"416","75","480","6","2020-06-26 13:04:26","//PROCESS-MANAGER/BigDot_Hot_Folder/","Not used","HC_393","BDD","1","1","393","860"
"417","75","480","6","2020-06-26 13:04:26","//PROCESS-MANAGER/BigDot_Hot_Folder/","Not used","HC_394","BDD","1","1","394","860"
"418","75","480","6","2020-06-26 13:04:26","//PROCESS-MANAGER/BigDot_Hot_Folder/","Not used","HC_395","BDD","1","1","395","860"
"419","75","480","6","2020-06-26 13:04:26","//PROCESS-MANAGER/BigDot_Hot_Folder/","Not used","HC_396","BDD","1","1","396","860"
"420","75","480","6","2020-06-26 13:04:26","//PROCESS-MANAGER/BigDot_Hot_Folder/","Not used","HC_397","BDD","1","1","397","860"
"421","75","480","6","2020-06-26 13:04:26","//PROCESS-MANAGER/BigDot_Hot_Folder/","Not used","HC_398","BDD","1","1","398","860"
"422","75","480","6","2020-06-26 13:04:26","//PROCESS-MANAGER/BigDot_Hot_Folder/","Not used","HC_399","BDD","1","1","399","860"
"423","75","480","6","2020-06-26 13:04:26","//PROCESS-MANAGER/BigDot_Hot_Folder/","Not used","HC_400","BDD","1","1","400","860"
"424","75","480","6","2020-06-26 13:04:26","//PROCESS-MANAGER/BigDot_Hot_Folder/","Not used","HC_402","BDD","1","1","402","860"
"425","75","480","6","2020-06-26 13:04:26","//PROCESS-MANAGER/BigDot_Hot_Folder/","Not used","HC_403","BDD","1","1","403","860"
"426","75","480","6","2020-06-26 13:04:26","//PROCESS-MANAGER/BigDot_Hot_Folder/","Not used","HC_404","BDD","1","1","404","860"
"427","75","480","6","2020-06-26 13:04:26","//PROCESS-MANAGER/BigDot_Hot_Folder/","Not used","HC_406","BDD","1","1","406","860"
"428","75","480","6","2020-06-26 13:04:26","//PROCESS-MANAGER/BigDot_Hot_Folder/","Not used","HC_408","BDD","1","1","408","860"
"429","75","480","6","2020-06-26 13:04:26","//PROCESS-MANAGER/BigDot_Hot_Folder/","Not used","HC_410","BDD","1","1","410","860"
"430","75","480","6","2020-06-26 13:04:26","//PROCESS-MANAGER/BigDot_Hot_Folder/","Not used","HC_412","BDD","1","1","412","860"
"431","75","480","6","2020-06-26 13:04:26","//PROCESS-MANAGER/BigDot_Hot_Folder/","Not used","HC_414","BDD","1","1","414","860"
"432","75","480","6","2020-06-26 13:04:26","//PROCESS-MANAGER/BigDot_Hot_Folder/","Not used","HC_416","BDD","1","1","416","860"
"433","75","480","6","2020-06-26 13:04:26","//PROCESS-MANAGER/BigDot_Hot_Folder/","Not used","HC_418","BDD","1","1","418","860"
"434","75","480","6","2020-06-26 13:04:26","//PROCESS-MANAGER/BigDot_Hot_Folder/","Not used","HC_420","BDD","1","1","420","860"
"435","75","480","6","2020-06-26 13:04:26","//PROCESS-MANAGER/BigDot_Hot_Folder/","Not used","HC_421","BDD","1","1","421","860"
"436","75","480","6","2020-06-26 13:04:26","//PROCESS-MANAGER/BigDot_Hot_Folder/","Not used","HC_422","BDD","1","1","422","860"
"437","75","480","6","2020-06-26 13:04:26","//PROCESS-MANAGER/BigDot_Hot_Folder/","Not used","HC_423","BDD","1","1","423","860"
"438","75","480","6","2020-06-26 13:04:26","//PROCESS-MANAGER/BigDot_Hot_Folder/","Not used","HC_424","BDD","1","1","424","860"
"439","75","480","6","2020-06-26 13:04:26","//PROCESS-MANAGER/BigDot_Hot_Folder/","Not used","HC_425","BDD","1","1","425","860"
"440","75","480","6","2020-06-26 13:04:26","//PROCESS-MANAGER/BigDot_Hot_Folder/","Not used","HC_426","BDD","1","1","426","860"
"441","75","480","6","2020-06-26 13:04:26","//PROCESS-MANAGER/BigDot_Hot_Folder/","Not used","HC_427","BDD","1","1","427","1200"
"442","75","480","6","2020-06-26 13:04:26","//PROCESS-MANAGER/BigDot_Hot_Folder/","Not used","HC_428","BDD","1","1","428","860"
"443","75","480","6","2020-06-26 13:04:26","//PROCESS-MANAGER/BigDot_Hot_Folder/","Not used","HC_429","BDD","1","1","429","860"
"444","75","480","6","2020-06-26 13:04:26","//PROCESS-MANAGER/BigDot_Hot_Folder/","Not used","HC_430","BDD","1","1","430","860"
"445","75","480","6","2020-06-26 13:04:26","//PROCESS-MANAGER/BigDot_Hot_Folder/","Not used","HC_431","BDD","1","1","431","860"
"446","75","480","6","2020-06-26 13:04:26","//PROCESS-MANAGER/BigDot_Hot_Folder/","Not used","HC_432","BDD","1","1","432","860"
"447","75","480","6","2020-06-26 13:04:26","//PROCESS-MANAGER/BigDot_Hot_Folder/","Not used","HC_434","BDD","1","1","434","860"
"448","75","480","6","2020-06-26 13:04:26","//PROCESS-MANAGER/BigDot_Hot_Folder/","Not used","HC_435","BDD","1","1","435","860"
"449","75","480","6","2020-06-26 13:04:26","//PROCESS-MANAGER/BigDot_Hot_Folder/","Not used","HC_436","BDD","1","1","436","860"
"450","75","480","6","2020-06-26 13:04:26","//PROCESS-MANAGER/BigDot_Hot_Folder/","Not used","HC_437","BDD","1","1","437","860"
"451","75","480","6","2020-06-26 13:04:26","//PROCESS-MANAGER/BigDot_Hot_Folder/","Not used","HC_438","BDD","1","1","438","860"
"452","75","480","6","2020-06-26 13:04:26","//PROCESS-MANAGER/BigDot_Hot_Folder/","Not used","HC_439","BDD","1","1","439","860"
"453","75","480","6","2020-06-26 13:04:26","//PROCESS-MANAGER/BigDot_Hot_Folder/","Not used","HC_440","BDD","1","1","440","860"
"454","75","480","6","2020-06-26 13:04:26","//PROCESS-MANAGER/BigDot_Hot_Folder/","Not used","HC_441","BDD","1","1","441","860"
"455","75","480","6","2020-06-26 13:04:26","//PROCESS-MANAGER/BigDot_Hot_Folder/","Not used","HC_442","BDD","1","1","442","860"
"456","75","480","6","2020-06-26 13:04:26","//PROCESS-MANAGER/BigDot_Hot_Folder/","Not used","HC_443","BDD","1","1","443","860"
"457","75","480","6","2020-06-26 13:04:26","//PROCESS-MANAGER/BigDot_Hot_Folder/","Not used","HC_444","BDD","1","1","444","860"
"458","75","480","6","2020-06-26 13:04:26","//PROCESS-MANAGER/BigDot_Hot_Folder/","Not used","HC_445","BDD","1","1","445","860"
"459","75","480","6","2020-06-26 13:04:26","//PROCESS-MANAGER/BigDot_Hot_Folder/","Not used","HC_446","BDD","1","1","446","860"
"460","75","480","6","2020-06-26 13:04:26","//PROCESS-MANAGER/BigDot_Hot_Folder/","Not used","HC_447","BDD","1","1","447","860"
"461","75","480","6","2020-06-26 13:04:26","//PROCESS-MANAGER/BigDot_Hot_Folder/","Not used","HC_448","BDD","1","1","448","860"
"462","75","480","6","2020-06-26 13:04:26","//PROCESS-MANAGER/BigDot_Hot_Folder/","Not used","HC_449","BDD","1","1","449","860"
"463","75","480","6","2020-06-26 13:04:26","//PROCESS-MANAGER/BigDot_Hot_Folder/","Not used","HC_450","BDD","1","1","450","860"
"464","75","480","6","2020-06-26 13:04:26","//PROCESS-MANAGER/BigDot_Hot_Folder/","Not used","HC_451","BDD","1","1","451","860"
"465","75","480","6","2020-06-26 13:04:26","//PROCESS-MANAGER/BigDot_Hot_Folder/","Not used","HC_452","BDD","1","1","452","1440"
"466","75","480","6","2020-06-26 13:04:26","//PROCESS-MANAGER/BigDot_Hot_Folder/","Not used","HC_453","BDD","1","1","453","860"
"467","75","480","6","2020-06-26 13:04:26","//PROCESS-MANAGER/BigDot_Hot_Folder/","Not used","HC_454","BDD","1","1","454","860"
"468","75","480","6","2020-06-26 13:04:26","//PROCESS-MANAGER/BigDot_Hot_Folder/","Not used","HC_455","BDD","1","1","455","860"
"469","75","480","6","2020-06-26 13:04:26","//PROCESS-MANAGER/BigDot_Hot_Folder/","Not used","HC_456","BDD","1","1","456","860"
"470","75","480","6","2020-06-26 13:04:26","//PROCESS-MANAGER/BigDot_Hot_Folder/","Not used","HC_457","BDD","1","1","457","860"
"471","75","480","6","2020-06-26 13:04:26","//PROCESS-MANAGER/BigDot_Hot_Folder/","Not used","HC_458","BDD","1","1","458","860"
"472","75","480","6","2020-06-26 13:04:26","//PROCESS-MANAGER/BigDot_Hot_Folder/","Not used","HC_459","BDD","1","1","459","860"
"473","75","480","6","2020-06-26 13:04:26","//PROCESS-MANAGER/BigDot_Hot_Folder/","Not used","HC_460","BDD","1","1","460","860"
"474","75","480","6","2020-06-26 13:04:26","//PROCESS-MANAGER/BigDot_Hot_Folder/","Not used","HC_461","BDD","1","1","461","1200"
"475","75","480","6","2020-06-26 13:04:26","//PROCESS-MANAGER/BigDot_Hot_Folder/","Not used","HC_462","BDD","1","1","462","860"
"476","75","480","6","2020-06-26 13:04:26","//PROCESS-MANAGER/BigDot_Hot_Folder/","Not used","HC_463","BDD","1","1","463","860"
"477","75","480","6","2020-06-26 13:04:26","//PROCESS-MANAGER/BigDot_Hot_Folder/","Not used","HC_464","BDD","1","1","464","860"
"478","75","480","6","2020-06-26 13:04:26","//PROCESS-MANAGER/BigDot_Hot_Folder/","Not used","HC_465","BDD","1","1","465","860"
"479","75","480","6","2020-06-26 13:04:26","//PROCESS-MANAGER/BigDot_Hot_Folder/","Not used","HC_466","BDD","1","1","466","860"
"480","75","480","6","2020-06-26 13:04:26","//PROCESS-MANAGER/BigDot_Hot_Folder/","Not used","HC_467","BDD","1","1","467","860"
"481","75","480","6","2020-06-26 13:04:26","//PROCESS-MANAGER/BigDot_Hot_Folder/","Not used","HC_468","BDD","1","1","468","860"
"482","75","480","6","2020-06-26 13:04:26","//PROCESS-MANAGER/BigDot_Hot_Folder/","Not used","HC_469","BDD","1","1","469","860"
"483","75","480","6","2020-06-26 13:04:26","//PROCESS-MANAGER/BigDot_Hot_Folder/","Not used","HC_470","BDD","1","1","470","860"
"484","75","480","6","2020-06-26 13:04:26","//PROCESS-MANAGER/BigDot_Hot_Folder/","Not used","HC_471","BDD","1","1","471","860"
"485","75","480","6","2020-06-26 13:04:26","//PROCESS-MANAGER/BigDot_Hot_Folder/","Not used","HC_472","BDD","1","1","472","860"
"486","75","480","6","2020-06-26 13:04:26","//PROCESS-MANAGER/BigDot_Hot_Folder/","Not used","HC_473","BDD","1","1","473","860"
"487","75","480","6","2020-06-26 13:04:26","//PROCESS-MANAGER/BigDot_Hot_Folder/","Not used","HC_474","BDD","1","1","474","860"
"488","75","480","6","2020-06-26 13:04:26","//PROCESS-MANAGER/BigDot_Hot_Folder/","Not used","HC_475","BDD","1","1","475","860"
"489","75","480","6","2020-06-26 13:04:26","//PROCESS-MANAGER/BigDot_Hot_Folder/","Not used","HC_476","BDD","1","1","476","860"
"490","75","480","6","2020-06-26 13:04:26","//PROCESS-MANAGER/BigDot_Hot_Folder/","Not used","HC_477","BDD","1","1","477","860"
"491","75","480","6","2020-06-26 13:04:26","//PROCESS-MANAGER/BigDot_Hot_Folder/","Not used","HC_478","BDD","1","1","478","860"
"492","75","480","6","2020-06-26 13:04:26","//PROCESS-MANAGER/BigDot_Hot_Folder/","Not used","HC_479","BDD","1","1","479","860"
"493","75","480","6","2020-06-26 13:04:26","//PROCESS-MANAGER/BigDot_Hot_Folder/","Not used","HC_480","BDD","1","1","480","860"
"494","75","480","6","2020-06-26 13:04:26","//PROCESS-MANAGER/BigDot_Hot_Folder/","Not used","HC_481","BDD","1","1","481","860"
"495","75","480","6","2020-06-26 13:04:26","//PROCESS-MANAGER/BigDot_Hot_Folder/","Not used","HC_482","BDD","1","1","482","860"
"496","75","480","6","2020-06-26 13:04:26","//PROCESS-MANAGER/BigDot_Hot_Folder/","Not used","HC_483","BDD","1","1","483","860"
"497","75","480","6","2020-06-26 13:04:26","//PROCESS-MANAGER/BigDot_Hot_Folder/","Not used","HC_484","BDD","1","1","484","860"
"498","75","480","6","2020-06-26 13:04:26","//PROCESS-MANAGER/BigDot_Hot_Folder/","Not used","HC_485","BDD","1","1","485","860"
"499","75","480","6","2020-06-26 13:04:26","//PROCESS-MANAGER/BigDot_Hot_Folder/","Not used","HC_486","BDD","1","1","486","860"
"500","75","480","6","2020-06-26 13:04:26","//PROCESS-MANAGER/BigDot_Hot_Folder/","Not used","HC_487","BDD","1","1","487","860"
"501","75","480","6","2020-06-26 13:04:26","//PROCESS-MANAGER/BigDot_Hot_Folder/","Not used","HC_488","BDD","1","1","488","860"
"502","75","480","6","2020-06-26 13:04:26","//PROCESS-MANAGER/BigDot_Hot_Folder/","Not used","HC_489","BDD","1","1","489","860"
"503","75","480","6","2020-06-26 13:04:26","//PROCESS-MANAGER/BigDot_Hot_Folder/","Not used","HC_490","BDD","1","1","490","860"
"504","75","480","6","2020-06-26 13:04:26","//PROCESS-MANAGER/BigDot_Hot_Folder/","Not used","HC_491","BDD","1","1","491","860"
"505","75","480","6","2020-06-26 13:04:26","//PROCESS-MANAGER/BigDot_Hot_Folder/","Not used","HC_492","BDD","1","1","492","860"
"506","75","480","6","2020-06-26 13:04:26","//PROCESS-MANAGER/BigDot_Hot_Folder/","Not used","HC_493","BDD","1","1","493","860"
"507","75","480","6","2020-06-26 13:04:26","//PROCESS-MANAGER/BigDot_Hot_Folder/","Not used","HC_494","BDD","1","1","494","860"
"508","75","480","6","2020-06-26 13:04:26","//PROCESS-MANAGER/BigDot_Hot_Folder/","Not used","HC_495","BDD","1","1","495","860"
"509","75","480","6","2020-06-26 13:04:26","//PROCESS-MANAGER/BigDot_Hot_Folder/","Not used","HC_496","BDD","1","1","496","860"
"510","75","480","6","2020-06-26 13:04:26","//PROCESS-MANAGER/BigDot_Hot_Folder/","Not used","HC_497","BDD","1","1","497","860"
"511","75","480","6","2020-06-26 13:04:26","//PROCESS-MANAGER/BigDot_Hot_Folder/","Not used","HC_498","BDD","1","1","498","860"
"512","75","480","6","2020-06-26 13:04:26","//PROCESS-MANAGER/BigDot_Hot_Folder/","Not used","HC_499","BDD","1","1","499","860"
"513","75","480","6","2020-06-26 13:04:26","//PROCESS-MANAGER/BigDot_Hot_Folder/","Not used","HC_500","BDD","1","1","500","860"
"514","75","480","6","2020-06-26 13:04:26","//PROCESS-MANAGER/BigDot_Hot_Folder/","Not used","HC_501","BDD","1","1","501","860"
"515","75","480","6","2020-06-26 13:04:26","//PROCESS-MANAGER/BigDot_Hot_Folder/","Not used","HC_502","BDD","1","1","502","860"
"516","75","480","6","2020-06-26 13:04:26","//PROCESS-MANAGER/BigDot_Hot_Folder/","Not used","HC_503","BDD","1","1","503","860"
"517","75","480","6","2020-06-26 13:04:26","//PROCESS-MANAGER/BigDot_Hot_Folder/","Not used","HC_504","BDD","1","1","504","860"
"518","75","480","6","2020-06-26 13:04:26","//PROCESS-MANAGER/BigDot_Hot_Folder/","Not used","HC_505","BDD","1","1","505","860"
"519","75","480","6","2020-06-26 13:04:26","//PROCESS-MANAGER/BigDot_Hot_Folder/","Not used","HC_506","BDD","1","1","506","860"
"520","75","480","6","2020-06-26 13:04:26","//PROCESS-MANAGER/BigDot_Hot_Folder/","Not used","HC_507","BDD","1","1","507","860"
"521","75","480","6","2020-06-26 13:04:26","//PROCESS-MANAGER/BigDot_Hot_Folder/","Not used","HC_508","BDD","1","1","508","860"
"522","75","480","6","2020-06-26 13:04:26","//PROCESS-MANAGER/BigDot_Hot_Folder/","Not used","HC_509","BDD","1","1","509","860"
"523","75","480","6","2020-06-26 13:04:26","//PROCESS-MANAGER/BigDot_Hot_Folder/","Not used","HC_510","BDD","1","1","510","860"
"524","75","480","6","2020-06-26 13:04:26","//PROCESS-MANAGER/BigDot_Hot_Folder/","Not used","HC_511","BDD","1","1","511","860"
"525","75","480","6","2020-06-26 13:04:26","//PROCESS-MANAGER/BigDot_Hot_Folder/","Not used","HC_512","BDD","1","1","512","860"
"526","75","480","6","2020-06-26 13:04:26","//PROCESS-MANAGER/BigDot_Hot_Folder/","Not used","HC_513","BDD","1","1","513","860"
"527","75","480","6","2020-06-26 13:04:26","//PROCESS-MANAGER/BigDot_Hot_Folder/","Not used","HC_514","BDD","1","1","514","860"
"528","75","480","6","2020-06-26 13:04:26","//PROCESS-MANAGER/BigDot_Hot_Folder/","Not used","HC_515","BDD","1","1","515","860"
"529","75","480","6","2020-06-26 13:04:26","//PROCESS-MANAGER/BigDot_Hot_Folder/","Not used","HC_516","BDD","1","1","516","860"
"530","75","480","6","2020-06-26 13:04:26","//PROCESS-MANAGER/BigDot_Hot_Folder/","Not used","HC_517","BDD","1","1","517","860"
"531","75","480","6","2020-06-26 13:04:26","//PROCESS-MANAGER/BigDot_Hot_Folder/","Not used","HC_518","BDD","1","1","518","860"
"532","75","480","6","2020-06-26 13:04:26","//PROCESS-MANAGER/BigDot_Hot_Folder/","Not used","HC_519","BDD","1","1","519","860"
"533","75","480","6","2020-06-26 13:04:26","//PROCESS-MANAGER/BigDot_Hot_Folder/","Not used","HC_520","BDD","1","1","520","860"
"534","75","480","6","2020-06-26 13:04:26","//PROCESS-MANAGER/BigDot_Hot_Folder/","Not used","HC_521","BDD","1","1","521","860"
"535","75","480","6","2020-06-26 13:04:26","//PROCESS-MANAGER/BigDot_Hot_Folder/","Not used","HC_522","BDD","1","1","522","860"
"536","75","480","6","2020-06-26 13:04:26","//PROCESS-MANAGER/BigDot_Hot_Folder/","Not used","HC_523","BDD","1","1","523","860"
"537","75","480","6","2020-06-26 13:04:26","//PROCESS-MANAGER/BigDot_Hot_Folder/","Not used","HC_524","BDD","1","1","524","860"
"538","75","480","6","2020-06-26 13:04:26","//PROCESS-MANAGER/BigDot_Hot_Folder/","Not used","HC_525","BDD","1","1","525","860"
"539","75","480","6","2020-06-26 13:04:26","//PROCESS-MANAGER/BigDot_Hot_Folder/","Not used","HC_526","BDD","1","1","526","860"
"540","75","480","6","2020-06-26 13:04:26","//PROCESS-MANAGER/BigDot_Hot_Folder/","Not used","HC_527","BDD","1","1","527","860"
"541","75","480","6","2020-06-26 13:04:26","//PROCESS-MANAGER/BigDot_Hot_Folder/","Not used","HC_528","BDD","1","1","528","860"
"542","75","480","6","2020-06-26 13:04:26","//PROCESS-MANAGER/BigDot_Hot_Folder/","Not used","HC_529","BDD","1","1","529","860"
"543","75","480","6","2020-06-26 13:04:26","//PROCESS-MANAGER/BigDot_Hot_Folder/","Not used","HC_530","BDD","1","1","530","860"
"544","75","480","6","2020-06-26 13:04:26","//PROCESS-MANAGER/BigDot_Hot_Folder/","Not used","HC_531","BDD","1","1","531","860"
"545","75","480","6","2020-06-26 13:04:26","//PROCESS-MANAGER/BigDot_Hot_Folder/","Not used","HC_532","BDD","1","1","532","860"
"546","75","480","6","2020-06-26 13:04:26","//PROCESS-MANAGER/BigDot_Hot_Folder/","Not used","HC_534","BDD","1","1","534","860"
"547","75","480","6","2020-06-26 13:04:26","//PROCESS-MANAGER/BigDot_Hot_Folder/","Not used","HC_538","BDD","1","1","538","860"
"548","75","480","6","2020-06-26 13:04:26","//PROCESS-MANAGER/BigDot_Hot_Folder/","Not used","HC_598","BDD","1","1","598","860"
"549","75","480","6","2020-06-26 13:04:26","//PROCESS-MANAGER/BigDot_Hot_Folder/","Not used","HC_619","BDD","1","1","619","860"
"550","75","480","6","2020-06-26 13:04:26","//PROCESS-MANAGER/BigDot_Hot_Folder/","Not used","HC_533","BDD","1","1","533","2500"
"551","75","480","6","2020-06-26 13:04:26","//PROCESS-MANAGER/BigDot_Hot_Folder/","Not used","HC_535","BDD","1","1","535","860"
"552","75","480","6","2020-06-26 13:04:26","//PROCESS-MANAGER/BigDot_Hot_Folder/","Not used","HC_536","BDD","1","1","536","860"
"553","75","480","6","2020-06-26 13:04:26","//PROCESS-MANAGER/BigDot_Hot_Folder/","Not used","HC_537","BDD","1","1","537","860"
"555","75","480","6","2020-06-26 13:04:26","//PROCESS-MANAGER/BigDot_Hot_Folder/","Not used","HC_539","BDD","1","1","539","860"
"556","75","480","6","2020-06-26 13:04:26","//PROCESS-MANAGER/BigDot_Hot_Folder/","Not used","HC_540","BDD","1","1","540","860"
"557","75","480","6","2020-06-26 13:04:26","//PROCESS-MANAGER/BigDot_Hot_Folder/","Not used","HC_541","BDD","1","1","541","860"
"558","75","480","6","2020-06-26 13:04:26","//PROCESS-MANAGER/BigDot_Hot_Folder/","Not used","HC_542","BDD","1","1","542","860"
"559","75","480","6","2020-06-26 13:04:26","//PROCESS-MANAGER/BigDot_Hot_Folder/","Not used","HC_543","BDD","1","1","543","860"
"560","75","480","6","2020-06-26 13:04:26","//PROCESS-MANAGER/BigDot_Hot_Folder/","Not used","HC_544","BDD","1","1","544","860"
"561","75","480","6","2020-06-26 13:04:26","//PROCESS-MANAGER/BigDot_Hot_Folder/","Not used","HC_545","BDD","1","1","545","860"
"562","75","480","6","2020-06-26 13:04:26","//PROCESS-MANAGER/BigDot_Hot_Folder/","Not used","HC_546","BDD","1","1","546","860"
"563","75","480","6","2020-06-26 13:04:26","//PROCESS-MANAGER/BigDot_Hot_Folder/","Not used","HC_547","BDD","1","1","547","860"
"564","75","480","6","2020-06-26 13:04:26","//PROCESS-MANAGER/BigDot_Hot_Folder/","Not used","HC_548","BDD","1","1","548","860"
"565","75","480","6","2020-06-26 13:04:26","//PROCESS-MANAGER/BigDot_Hot_Folder/","Not used","HC_549","BDD","1","1","549","860"
"566","75","480","6","2020-06-26 13:04:26","//PROCESS-MANAGER/BigDot_Hot_Folder/","Not used","HC_550","BDD","1","1","550","860"
"567","75","480","6","2020-06-26 13:04:26","//PROCESS-MANAGER/BigDot_Hot_Folder/","Not used","HC_551","BDD","1","1","551","860"
"568","75","480","6","2020-06-26 13:04:26","//PROCESS-MANAGER/BigDot_Hot_Folder/","Not used","HC_552","BDD","1","1","552","860"
"569","75","480","6","2020-06-26 13:04:26","//PROCESS-MANAGER/BigDot_Hot_Folder/","Not used","HC_553","BDD","1","1","553","860"
"570","75","480","6","2020-06-26 13:04:26","//PROCESS-MANAGER/BigDot_Hot_Folder/","Not used","HC_554","BDD","1","1","554","860"
"571","75","480","6","2020-06-26 13:04:26","//PROCESS-MANAGER/BigDot_Hot_Folder/","Not used","HC_555","BDD","1","1","555","860"
"572","75","480","6","2020-06-26 13:04:26","//PROCESS-MANAGER/BigDot_Hot_Folder/","Not used","HC_556","BDD","1","1","556","860"
"573","75","480","6","2020-06-26 13:04:26","//PROCESS-MANAGER/BigDot_Hot_Folder/","Not used","HC_557","BDD","1","1","557","860"
"574","75","480","6","2020-06-26 13:04:26","//PROCESS-MANAGER/BigDot_Hot_Folder/","Not used","HC_558","BDD","1","1","558","860"
"575","75","480","6","2020-06-26 13:04:26","//PROCESS-MANAGER/BigDot_Hot_Folder/","Not used","HC_559","BDD","1","1","559","860"
"576","75","480","6","2020-06-26 13:04:26","//PROCESS-MANAGER/BigDot_Hot_Folder/","Not used","HC_560","BDD","1","1","560","860"
"577","75","480","6","2020-06-26 13:04:26","//PROCESS-MANAGER/BigDot_Hot_Folder/","Not used","HC_561","BDD","1","1","561","860"
"578","75","480","6","2020-06-26 13:04:26","//PROCESS-MANAGER/BigDot_Hot_Folder/","Not used","HC_562","BDD","1","1","562","860"
"579","75","480","6","2020-06-26 13:04:26","//PROCESS-MANAGER/BigDot_Hot_Folder/","Not used","HC_563","BDD","1","1","563","860"
"580","75","480","6","2020-06-26 13:04:26","//PROCESS-MANAGER/BigDot_Hot_Folder/","Not used","HC_564","BDD","1","1","564","860"
"581","75","480","6","2020-06-26 13:04:26","//PROCESS-MANAGER/BigDot_Hot_Folder/","Not used","HC_565","BDD","1","1","565","860"
"582","75","480","6","2020-06-26 13:04:26","//PROCESS-MANAGER/BigDot_Hot_Folder/","Not used","HC_566","BDD","1","1","566","860"
"583","75","480","6","2020-06-26 13:04:26","//PROCESS-MANAGER/BigDot_Hot_Folder/","Not used","HC_567","BDD","1","1","567","860"
"584","75","480","6","2020-06-26 13:04:26","//PROCESS-MANAGER/BigDot_Hot_Folder/","Not used","HC_568","BDD","1","1","568","860"
"585","75","480","6","2020-06-26 13:04:26","//PROCESS-MANAGER/BigDot_Hot_Folder/","Not used","HC_569","BDD","1","1","569","860"
"586","75","480","6","2020-06-26 13:04:26","//PROCESS-MANAGER/BigDot_Hot_Folder/","Not used","HC_570","BDD","1","1","570","860"
"587","75","480","6","2020-06-26 13:04:26","//PROCESS-MANAGER/BigDot_Hot_Folder/","Not used","HC_571","BDD","1","1","571","860"
"588","75","480","6","2020-06-26 13:04:26","//PROCESS-MANAGER/BigDot_Hot_Folder/","Not used","HC_572","BDD","1","1","572","860"
"589","75","480","6","2020-06-26 13:04:26","//PROCESS-MANAGER/BigDot_Hot_Folder/","Not used","HC_573","BDD","1","1","573","860"
"590","75","480","6","2020-06-26 13:04:26","//PROCESS-MANAGER/BigDot_Hot_Folder/","Not used","HC_574","BDD","1","1","574","860"
"591","75","480","6","2020-06-26 13:04:26","//PROCESS-MANAGER/BigDot_Hot_Folder/","Not used","HC_575","BDD","1","1","575","860"
"592","75","480","6","2020-06-26 13:04:26","//PROCESS-MANAGER/BigDot_Hot_Folder/","Not used","HC_576","BDD","1","1","576","860"
"593","75","480","6","2020-06-26 13:04:26","//PROCESS-MANAGER/BigDot_Hot_Folder/","Not used","HC_577","BDD","1","1","577","860"
"594","75","480","6","2020-06-26 13:04:26","//PROCESS-MANAGER/BigDot_Hot_Folder/","Not used","HC_578","BDD","1","1","578","860"
"595","75","480","6","2020-06-26 13:04:26","//PROCESS-MANAGER/BigDot_Hot_Folder/","Not used","HC_579","BDD","1","1","579","860"
"596","75","480","6","2020-06-26 13:04:26","//PROCESS-MANAGER/BigDot_Hot_Folder/","Not used","HC_580","BDD","1","1","580","860"
"597","75","480","6","2020-06-26 13:04:26","//PROCESS-MANAGER/BigDot_Hot_Folder/","Not used","HC_581","BDD","1","1","581","860"
"598","75","480","6","2020-06-26 13:04:26","//PROCESS-MANAGER/BigDot_Hot_Folder/","Not used","HC_582","BDD","1","1","582","860"
"599","75","480","6","2020-06-26 13:04:26","//PROCESS-MANAGER/BigDot_Hot_Folder/","Not used","HC_583","BDD","1","1","583","860"
"600","75","480","6","2020-06-26 13:04:26","//PROCESS-MANAGER/BigDot_Hot_Folder/","Not used","HC_584","BDD","1","1","584","860"
"601","75","480","6","2020-06-26 13:04:26","//PROCESS-MANAGER/BigDot_Hot_Folder/","Not used","HC_585","BDD","1","1","585","860"
"602","75","480","6","2020-06-26 13:04:26","//PROCESS-MANAGER/BigDot_Hot_Folder/","Not used","HC_586","BDD","1","1","586","860"
"603","75","480","6","2020-06-26 13:04:26","//PROCESS-MANAGER/BigDot_Hot_Folder/","Not used","HC_587","BDD","1","1","587","860"
"604","75","480","6","2020-06-26 13:04:26","//PROCESS-MANAGER/BigDot_Hot_Folder/","Not used","HC_588","BDD","1","1","588","860"
"605","75","480","6","2020-06-26 13:04:26","//PROCESS-MANAGER/BigDot_Hot_Folder/","Not used","HC_589","BDD","1","1","589","860"
"606","75","480","6","2020-06-26 13:04:26","//PROCESS-MANAGER/BigDot_Hot_Folder/","Not used","HC_590","BDD","1","1","590","860"
"607","75","480","6","2020-06-26 13:04:26","//PROCESS-MANAGER/BigDot_Hot_Folder/","Not used","HC_591","BDD","1","1","591","860"
"608","75","480","6","2020-06-26 13:04:26","//PROCESS-MANAGER/BigDot_Hot_Folder/","Not used","HC_592","BDD","1","1","592","860"
"609","75","480","6","2020-06-26 13:04:26","//PROCESS-MANAGER/BigDot_Hot_Folder/","Not used","HC_593","BDD","1","1","593","860"
"610","75","480","6","2020-06-26 13:04:26","//PROCESS-MANAGER/BigDot_Hot_Folder/","Not used","HC_594","BDD","1","1","594","860"
"611","75","480","6","2020-06-26 13:04:26","//PROCESS-MANAGER/BigDot_Hot_Folder/","Not used","HC_595","BDD","1","1","595","860"
"612","75","480","6","2020-06-26 13:04:26","//PROCESS-MANAGER/BigDot_Hot_Folder/","Not used","HC_596","BDD","1","1","596","860"
"613","75","480","6","2020-06-26 13:04:26","//PROCESS-MANAGER/BigDot_Hot_Folder/","Not used","HC_597","BDD","1","1","597","860"
"614","75","480","6","2020-06-26 13:04:26","//PROCESS-MANAGER/BigDot_Hot_Folder/","Not used","HC_599","BDD","1","1","599","860"
"615","75","480","6","2020-06-26 13:04:26","//PROCESS-MANAGER/BigDot_Hot_Folder/","Not used","HC_600","BDD","1","1","600","860"
"616","75","480","6","2020-06-26 13:04:26","//PROCESS-MANAGER/BigDot_Hot_Folder/","Not used","HC_601","BDD","1","1","601","860"
"617","75","480","6","2020-06-26 13:04:26","//PROCESS-MANAGER/BigDot_Hot_Folder/","Not used","HC_602","BDD","1","1","602","860"
"618","75","480","6","2020-06-26 13:04:26","//PROCESS-MANAGER/BigDot_Hot_Folder/","Not used","HC_603","BDD","1","1","603","860"
"619","75","480","6","2020-06-26 13:04:26","//PROCESS-MANAGER/BigDot_Hot_Folder/","Not used","HC_604","BDD","1","1","604","860"
"620","75","480","6","2020-06-26 13:04:26","//PROCESS-MANAGER/BigDot_Hot_Folder/","Not used","HC_605","BDD","1","1","605","860"
"621","75","480","6","2020-06-26 13:04:26","//PROCESS-MANAGER/BigDot_Hot_Folder/","Not used","HC_606","BDD","1","1","606","860"
"622","75","480","6","2020-06-26 13:04:26","//PROCESS-MANAGER/BigDot_Hot_Folder/","Not used","HC_607","BDD","1","1","607","860"
"623","75","480","6","2020-06-26 13:04:26","//PROCESS-MANAGER/BigDot_Hot_Folder/","Not used","HC_608","BDD","1","1","608","860"
"624","75","480","6","2020-06-26 13:04:26","//PROCESS-MANAGER/BigDot_Hot_Folder/","Not used","HC_609","BDD","1","1","609","860"
"625","75","480","6","2020-06-26 13:04:26","//PROCESS-MANAGER/BigDot_Hot_Folder/","Not used","HC_610","BDD","1","1","610","860"
"626","75","480","6","2020-06-26 13:04:26","//PROCESS-MANAGER/BigDot_Hot_Folder/","Not used","HC_611","BDD","1","1","611","860"
"627","75","480","6","2020-06-26 13:04:26","//PROCESS-MANAGER/BigDot_Hot_Folder/","Not used","HC_612","BDD","1","1","612","860"
"628","75","480","6","2020-06-26 13:04:26","//PROCESS-MANAGER/BigDot_Hot_Folder/","Not used","HC_613","BDD","1","1","613","860"
"629","75","480","6","2020-06-26 13:04:26","//PROCESS-MANAGER/BigDot_Hot_Folder/","Not used","HC_614","BDD","1","1","614","860"
"630","75","480","6","2020-06-26 13:04:26","//PROCESS-MANAGER/BigDot_Hot_Folder/","Not used","HC_615","BDD","1","1","615","860"
"631","75","480","6","2020-06-26 13:04:26","//PROCESS-MANAGER/BigDot_Hot_Folder/","Not used","HC_616","BDD","1","1","616","860"
"632","75","480","6","2020-06-26 13:04:26","//PROCESS-MANAGER/BigDot_Hot_Folder/","Not used","HC_617","BDD","1","1","617","860"
"633","75","480","6","2020-06-26 13:04:26","//PROCESS-MANAGER/BigDot_Hot_Folder/","Not used","HC_618","BDD","1","1","618","860"
"634","75","480","6","2020-06-26 13:04:26","//PROCESS-MANAGER/BigDot_Hot_Folder/","Not used","HC_636","BDD","1","1","636","860"
"635","75","480","6","2020-06-26 13:04:26","//PROCESS-MANAGER/BigDot_Hot_Folder/","Not used","HC_620","BDD","1","1","620","860"
"636","75","480","6","2020-06-26 13:04:26","//PROCESS-MANAGER/BigDot_Hot_Folder/","Not used","HC_621","BDD","1","1","621","860"
"637","75","480","6","2020-06-26 13:04:26","//PROCESS-MANAGER/BigDot_Hot_Folder/","Not used","HC_622","BDD","1","1","622","860"
"638","75","480","6","2020-06-26 13:04:26","//PROCESS-MANAGER/BigDot_Hot_Folder/","Not used","HC_623","BDD","1","1","623","860"
"639","75","480","6","2020-06-26 13:04:26","//PROCESS-MANAGER/BigDot_Hot_Folder/","Not used","HC_624","BDD","1","1","624","860"
"640","75","480","6","2020-06-26 13:04:26","//PROCESS-MANAGER/BigDot_Hot_Folder/","Not used","HC_625","BDD","1","1","625","860"
"641","75","480","6","2020-06-26 13:04:26","//PROCESS-MANAGER/BigDot_Hot_Folder/","Not used","HC_626","BDD","1","1","626","860"
"642","75","480","6","2020-06-26 13:04:26","//PROCESS-MANAGER/BigDot_Hot_Folder/","Not used","HC_627","BDD","1","1","627","860"
"643","75","480","6","2020-06-26 13:04:26","//PROCESS-MANAGER/BigDot_Hot_Folder/","Not used","HC_628","BDD","1","1","628","860"
"644","75","480","6","2020-06-26 13:04:26","//PROCESS-MANAGER/BigDot_Hot_Folder/","Not used","HC_629","BDD","1","1","629","860"
"645","75","480","6","2020-06-26 13:04:26","//PROCESS-MANAGER/BigDot_Hot_Folder/","Not used","HC_630","BDD","1","1","630","860"
"646","75","480","6","2020-06-26 13:04:26","//PROCESS-MANAGER/BigDot_Hot_Folder/","Not used","HC_631","BDD","1","1","631","860"
"647","75","480","6","2020-06-26 13:04:26","//PROCESS-MANAGER/BigDot_Hot_Folder/","Not used","HC_632","BDD","1","1","632","860"
"648","75","480","6","2020-06-26 13:04:26","//PROCESS-MANAGER/BigDot_Hot_Folder/","Not used","HC_633","BDD","1","1","633","860"
"649","75","480","6","2020-06-26 13:04:26","//PROCESS-MANAGER/BigDot_Hot_Folder/","Not used","HC_634","BDD","1","1","634","860"
"650","75","480","6","2020-06-26 13:04:26","//PROCESS-MANAGER/BigDot_Hot_Folder/","Not used","HC_635","BDD","1","1","635","860"
"651","75","480","6","2020-06-26 13:04:26","//PROCESS-MANAGER/BigDot_Hot_Folder/","Not used","HC_637","BDD","1","1","637","860"
"652","75","480","6","2020-06-26 13:04:26","//PROCESS-MANAGER/BigDot_Hot_Folder/","Not used","HC_638","BDD","1","1","638","860"
"653","75","480","6","2020-06-26 13:04:26","//PROCESS-MANAGER/BigDot_Hot_Folder/","Not used","HC_639","BDD","1","1","639","860"
"654","75","480","6","2020-06-26 13:04:26","//PROCESS-MANAGER/BigDot_Hot_Folder/","Not used","HC_640","BDD","1","1","640","860"
"655","75","480","6","2020-06-26 13:04:26","//PROCESS-MANAGER/BigDot_Hot_Folder/","Not used","HC_641","BDD","1","1","641","860"
"656","75","480","6","2020-06-26 13:04:26","//PROCESS-MANAGER/BigDot_Hot_Folder/","Not used","HC_642","BDD","1","1","642","860"
"657","75","480","6","2020-06-26 13:04:26","//PROCESS-MANAGER/BigDot_Hot_Folder/","Not used","HC_643","BDD","1","1","643","860"
"658","75","480","6","2020-06-26 13:04:26","//PROCESS-MANAGER/BigDot_Hot_Folder/","Not used","HC_644","BDD","1","1","644","860"
"659","75","480","6","2020-06-26 13:04:26","//PROCESS-MANAGER/BigDot_Hot_Folder/","Not used","HC_645","BDD","1","1","645","860"
"660","75","480","6","2020-06-26 13:04:26","//PROCESS-MANAGER/BigDot_Hot_Folder/","Not used","HC_648","BDD","1","1","648","860"
"661","75","480","6","2020-06-26 13:04:26","//PROCESS-MANAGER/BigDot_Hot_Folder/","Not used","HC_646","BDD","1","1","646","860"
"662","75","480","6","2020-06-26 13:04:26","//PROCESS-MANAGER/BigDot_Hot_Folder/","Not used","HC_647","BDD","1","1","647","860"
"663","76","480","6","2020-06-26 13:04:26","//PROCESS-MANAGER/BigDot_Hot_Folder/","Not used","HC_900","BDD","1","1","900","860"
"664","76","480","6","2020-06-26 13:04:26","//PROCESS-MANAGER/BigDot_Hot_Folder/","Not used","HC_901","BDD","1","1","901","860"
"665","76","480","6","2020-06-26 13:04:26","//PROCESS-MANAGER/BigDot_Hot_Folder/","Not used","HC_902","BDD","1","1","902","860"
"666","76","480","6","2020-06-26 13:04:26","//PROCESS-MANAGER/BigDot_Hot_Folder/","Not used","HC_903","BDD","1","1","903","860"
"667","76","480","6","2020-06-26 13:04:26","//PROCESS-MANAGER/BigDot_Hot_Folder/","Not used","HC_904","BDD","1","1","904","860"
"668","76","480","6","2020-06-26 13:04:26","//PROCESS-MANAGER/BigDot_Hot_Folder/","Not used","HC_905","BDD","1","1","905","860"
"669","76","480","6","2020-06-26 13:04:26","//PROCESS-MANAGER/BigDot_Hot_Folder/","Not used","HC_906","BDD","1","1","906","860"
"670","76","480","6","2020-06-26 13:04:26","//PROCESS-MANAGER/BigDot_Hot_Folder/","Not used","HC_907","BDD","1","1","907","860"
"671","78","480","6","2020-06-26 13:04:26","//PROCESS-MANAGER/BigDot_Hot_Folder/","Not used","HC_900","BDD","1","1","900","860"
"672","78","480","6","2020-06-26 13:04:26","//PROCESS-MANAGER/BigDot_Hot_Folder/","Not used","HC_901","BDD","1","1","901","860"
"673","78","480","6","2020-06-26 13:04:26","//PROCESS-MANAGER/BigDot_Hot_Folder/","Not used","HC_902","BDD","1","1","902","860"
"674","78","480","6","2020-06-26 13:04:26","//PROCESS-MANAGER/BigDot_Hot_Folder/","Not used","HC_903","BDD","1","1","903","860"
"675","78","480","6","2020-06-26 13:04:26","//PROCESS-MANAGER/BigDot_Hot_Folder/","Not used","HC_904","BDD","1","1","904","860"
"676","78","480","6","2020-06-26 13:04:26","//PROCESS-MANAGER/BigDot_Hot_Folder/","Not used","HC_905","BDD","1","1","905","860"
"677","78","480","6","2020-06-26 13:04:26","//PROCESS-MANAGER/BigDot_Hot_Folder/","Not used","HC_906","BDD","1","1","906","860"
"678","78","480","6","2020-06-26 13:04:26","//PROCESS-MANAGER/BigDot_Hot_Folder/","Not used","HC_907","BDD","1","1","907","860"
"679","69","480","6","2020-06-26 13:04:26","//PROCESS-MANAGER/BigDot_Hot_Folder/","Not used","HC_216","BDD","1","1","216","860"
"680","20","480","6","2020-06-26 13:04:26","//PROCESS-MANAGER/BigDot_Hot_Folder/","Not used","HC_833","BDD","1","1","833","860"
"681","79","480","6","2020-06-26 13:04:26","//PROCESS-MANAGER/BigDot_Hot_Folder/","Not used","HC_833","BDD","1","1","833","860"
